,product_name,product_description,price,sold
0,ADDE,"Kursi, putih",Rp 170.000,3460 orang telah membeli produk ini
1,ADDE,"Kursi, hitam",Rp 170.000,2259 orang telah membeli produk ini
2,ADDE,"Kursi, abu-abu/putih",Rp 170.000,1141 orang telah membeli produk ini
3,ADDE,"Kursi, merah/putih",Rp 170.000,424 orang telah membeli produk ini
4,ÄPPLARÖ,"Mj+2kursi dg sndrn lngn+bangku, cokelat/hållö krem",Rp 225.000,No Data
5,ÄPPLARÖ,"Meja+2 kursi lipat, luar rg, diwarnai cokelat/hållö krem",Rp 225.000,No Data
6,ÄPPLARÖ,"Meja+4 kursi lipat, luar ruang, diwarnai cokelat/hållö krem",Rp 225.000,1 orang telah membeli produk ini
7,ÄPPLARÖ,"Meja+6 kursi dg sndrn lgn, luar rg, diwarnai cokelat/järpön/duvholmen antrasit",Rp 225.000,No Data
8,ÄPPLARÖ,"Kursi recliner, luar ruang, dapat dilipat diwarnai cokelat",Rp 225.000,79 orang telah membeli produk ini
9,ÄPPLARÖ,"Mj+2 krs dg sndran tgn+bngku, l.rg, diwarnai cokelat/järpön/duvholmen antrasit",Rp 225.000,No Data
10,ÄPPLARÖ,"Meja+6 kursi berlengan+bangku, l.rg, diwarnai cokelat",Rp 225.000,2 orang telah membeli produk ini
11,ÄPPLARÖ,"Meja+8 kursi recliner, l.ruang, diwarnai cokelat/frösön/duvholmen krem",Rp 225.000,No Data
12,ÄPPLARÖ,"Meja+4 kursi dg sndrn tgn, l rg, diwarnai cokelat/frösön/duvholmen krem",Rp 225.000,No Data
13,ÄPPLARÖ,"Meja+6 kursi recliner, l.ruang, diwarnai cokelat/frösön/duvholmen krem",Rp 225.000,No Data
14,ÄPPLARÖ,"Mj+2kursi dg sndrn lngn+bangku, luar ruang diwarnai cokelat",Rp 225.000,5 orang telah membeli produk ini
15,ÄPPLARÖ,"Meja+4 kursi recliner, l.ruang, diwarnai cokelat",Rp 225.000,1 orang telah membeli produk ini
16,ÄPPLARÖ,"Meja+4 kursi dg sndrn tgn, l rg, diwarnai cokelat",Rp 225.000,4 orang telah membeli produk ini
17,ÄPPLARÖ,"Meja+6 kursi berlengan+bangku, l.rg, diwarnai cokelat/kuddarna biru muda",Rp 225.000,No Data
18,ÄPPLARÖ,"Meja+4 kursi recliner, l.ruang, diwarnai cokelat/frösön/duvholmen krem",Rp 225.000,2 orang telah membeli produk ini
19,ÄPPLARÖ,"Meja+2 kursi lipat, luar rg, diwarnai cokelat/kuddarna krem",Rp 225.000,11 orang telah membeli produk ini
20,ÄPPLARÖ,"Meja+4 kursi dg sndrn tgn, l rg, diwarnai cokelat/kuddarna krem",Rp 225.000,2 orang telah membeli produk ini
21,ÄPPLARÖ,"Meja+2 kursi lipat, luar rg, diwarnai cokelat",Rp 225.000,32 orang telah membeli produk ini
22,ÄPPLARÖ,"Meja+8 kursi recliner, l.ruang, diwarnai cokelat/kuddarna abu-abu",Rp 225.000,1 orang telah membeli produk ini
23,ÄPPLARÖ,"Meja+6 kursi berlengan+bangku, l.rg, diwarnai cokelat/frösön/duvholmen krem",Rp 225.000,No Data
24,ÄPPLARÖ,"Meja+6 kursi dg sndrn lgn, luar rg, diwarnai cokelat",Rp 225.000,2 orang telah membeli produk ini
25,ÄPPLARÖ,"Meja+8 kursi recliner, l.ruang, diwarnai cokelat/kuddarna krem",Rp 225.000,No Data
26,ÄPPLARÖ,"Meja+4 kursi lipat, luar ruang, diwarnai cokelat/kuddarna abu-abu",Rp 225.000,2 orang telah membeli produk ini
27,ÄPPLARÖ,"Bangku, luar ruang, diwarnai cokelat, 114 cm",Rp 225.000,123 orang telah membeli produk ini
28,ÄPPLARÖ,"Meja+4 kursi recliner, l.ruang, diwarnai cokelat/kuddarna biru muda",Rp 225.000,No Data
29,ÄPPLARÖ,"Meja+4 kursi dg sndrn tgn, l rg, diwarnai cokelat/järpön/duvholmen antrasit",Rp 225.000,No Data
30,ÄPPLARÖ,"Meja+6 kursi dg sndrn lgn, luar rg, diwarnai cokelat/frösön/duvholmen krem",Rp 225.000,No Data
31,ÄPPLARÖ,"Meja+8 kursi recliner, l.ruang, diwarnai cokelat/kuddarna krem",Rp 225.000,1 orang telah membeli produk ini
32,ÄPPLARÖ,"Mj+2 krs dg sndran tgn+bngku, l.rg, diwarnai cokelat",Rp 225.000,2 orang telah membeli produk ini
33,ÄPPLARÖ,"Meja+4 kursi lipat, luar ruang, diwarnai cokelat/kuddarna krem",Rp 225.000,5 orang telah membeli produk ini
34,ÄPPLARÖ,"Meja+6 kursi berlengan+bangku, l.rg, diwarnai cokelat/järpön/duvholmen antrasit",Rp 225.000,No Data
35,ÄPPLARÖ,"Meja+4 kursi recliner, l.ruang, diwarnai cokelat/kuddarna abu-abu",Rp 225.000,1 orang telah membeli produk ini
36,ÄPPLARÖ,"Meja+6 kursi dg sndrn lgn, luar rg, diwarnai cokelat/kuddarna krem",Rp 225.000,No Data
37,ÄPPLARÖ,"Bangku dengan sandaran, luar ruang, diwarnai cokelat",Rp 225.000,64 orang telah membeli produk ini
38,ÄPPLARÖ,"Bangku, luar ruang, dapat dilipat diwarnai cokelat",Rp 225.000,138 orang telah membeli produk ini
39,ÄPPLARÖ,"Meja+4 kursi dg sndrn tgn, l rg, diwarnai cokelat/kuddarna abu-abu",Rp 225.000,1 orang telah membeli produk ini
40,ADDE,"Kursi, putih",Rp 170.000,3460 orang telah membeli produk ini
41,ADDE,"Kursi, hitam",Rp 170.000,2259 orang telah membeli produk ini
42,ADDE,"Kursi, abu-abu/putih",Rp 170.000,1141 orang telah membeli produk ini
43,ADDE,"Kursi, merah/putih",Rp 170.000,424 orang telah membeli produk ini
44,ÄPPLARÖ,"Mj+2kursi dg sndrn lngn+bangku, cokelat/hållö krem",Rp 225.000,No Data
45,ÄPPLARÖ,"Meja+2 kursi lipat, luar rg, diwarnai cokelat/hållö krem",Rp 225.000,No Data
46,ÄPPLARÖ,"Meja+4 kursi lipat, luar ruang, diwarnai cokelat/hållö krem",Rp 225.000,1 orang telah membeli produk ini
47,ÄPPLARÖ,"Meja+6 kursi dg sndrn lgn, luar rg, diwarnai cokelat/järpön/duvholmen antrasit",Rp 225.000,No Data
48,ÄPPLARÖ,"Kursi recliner, luar ruang, dapat dilipat diwarnai cokelat",Rp 225.000,79 orang telah membeli produk ini
49,ÄPPLARÖ,"Mj+2 krs dg sndran tgn+bngku, l.rg, diwarnai cokelat/järpön/duvholmen antrasit",Rp 225.000,No Data
50,ÄPPLARÖ,"Meja+6 kursi berlengan+bangku, l.rg, diwarnai cokelat",Rp 225.000,2 orang telah membeli produk ini
51,ÄPPLARÖ,"Meja+8 kursi recliner, l.ruang, diwarnai cokelat/frösön/duvholmen krem",Rp 225.000,No Data
52,ÄPPLARÖ,"Meja+4 kursi dg sndrn tgn, l rg, diwarnai cokelat/frösön/duvholmen krem",Rp 225.000,No Data
53,ÄPPLARÖ,"Meja+6 kursi recliner, l.ruang, diwarnai cokelat/frösön/duvholmen krem",Rp 225.000,No Data
54,ÄPPLARÖ,"Mj+2kursi dg sndrn lngn+bangku, luar ruang diwarnai cokelat",Rp 225.000,5 orang telah membeli produk ini
55,ÄPPLARÖ,"Meja+4 kursi recliner, l.ruang, diwarnai cokelat",Rp 225.000,1 orang telah membeli produk ini
56,ÄPPLARÖ,"Meja+4 kursi dg sndrn tgn, l rg, diwarnai cokelat",Rp 225.000,4 orang telah membeli produk ini
57,ÄPPLARÖ,"Meja+6 kursi berlengan+bangku, l.rg, diwarnai cokelat/kuddarna biru muda",Rp 225.000,No Data
58,ÄPPLARÖ,"Meja+4 kursi recliner, l.ruang, diwarnai cokelat/frösön/duvholmen krem",Rp 225.000,2 orang telah membeli produk ini
59,ÄPPLARÖ,"Meja+2 kursi lipat, luar rg, diwarnai cokelat/kuddarna krem",Rp 225.000,11 orang telah membeli produk ini
60,ÄPPLARÖ,"Meja+4 kursi dg sndrn tgn, l rg, diwarnai cokelat/kuddarna krem",Rp 225.000,2 orang telah membeli produk ini
61,ÄPPLARÖ,"Meja+2 kursi lipat, luar rg, diwarnai cokelat",Rp 225.000,32 orang telah membeli produk ini
62,ÄPPLARÖ,"Meja+8 kursi recliner, l.ruang, diwarnai cokelat/kuddarna abu-abu",Rp 225.000,1 orang telah membeli produk ini
63,ÄPPLARÖ,"Meja+6 kursi berlengan+bangku, l.rg, diwarnai cokelat/frösön/duvholmen krem",Rp 225.000,No Data
64,ÄPPLARÖ,"Meja+6 kursi dg sndrn lgn, luar rg, diwarnai cokelat",Rp 225.000,2 orang telah membeli produk ini
65,ÄPPLARÖ,"Meja+8 kursi recliner, l.ruang, diwarnai cokelat/kuddarna krem",Rp 225.000,No Data
66,ÄPPLARÖ,"Meja+4 kursi lipat, luar ruang, diwarnai cokelat/kuddarna abu-abu",Rp 225.000,2 orang telah membeli produk ini
67,ÄPPLARÖ,"Bangku, luar ruang, diwarnai cokelat, 114 cm",Rp 225.000,123 orang telah membeli produk ini
68,ÄPPLARÖ,"Meja+4 kursi recliner, l.ruang, diwarnai cokelat/kuddarna biru muda",Rp 225.000,No Data
69,ÄPPLARÖ,"Meja+4 kursi dg sndrn tgn, l rg, diwarnai cokelat/järpön/duvholmen antrasit",Rp 225.000,No Data
70,ÄPPLARÖ,"Meja+6 kursi dg sndrn lgn, luar rg, diwarnai cokelat/frösön/duvholmen krem",Rp 225.000,No Data
71,ÄPPLARÖ,"Meja+8 kursi recliner, l.ruang, diwarnai cokelat/kuddarna krem",Rp 225.000,1 orang telah membeli produk ini
72,ÄPPLARÖ,"Mj+2 krs dg sndran tgn+bngku, l.rg, diwarnai cokelat",Rp 225.000,2 orang telah membeli produk ini
73,ÄPPLARÖ,"Meja+4 kursi lipat, luar ruang, diwarnai cokelat/kuddarna krem",Rp 225.000,5 orang telah membeli produk ini
74,ÄPPLARÖ,"Meja+6 kursi berlengan+bangku, l.rg, diwarnai cokelat/järpön/duvholmen antrasit",Rp 225.000,No Data
75,ÄPPLARÖ,"Meja+4 kursi recliner, l.ruang, diwarnai cokelat/kuddarna abu-abu",Rp 225.000,1 orang telah membeli produk ini
76,ÄPPLARÖ,"Meja+6 kursi dg sndrn lgn, luar rg, diwarnai cokelat/kuddarna krem",Rp 225.000,No Data
77,ÄPPLARÖ,"Bangku dengan sandaran, luar ruang, diwarnai cokelat",Rp 225.000,64 orang telah membeli produk ini
78,ÄPPLARÖ,"Bangku, luar ruang, dapat dilipat diwarnai cokelat",Rp 225.000,138 orang telah membeli produk ini
79,ÄPPLARÖ,"Meja+4 kursi dg sndrn tgn, l rg, diwarnai cokelat/kuddarna abu-abu",Rp 225.000,1 orang telah membeli produk ini
80,ADDE,"Kursi, putih",Rp 170.000,3460 orang telah membeli produk ini
81,ADDE,"Kursi, hitam",Rp 170.000,2259 orang telah membeli produk ini
82,ADDE,"Kursi, abu-abu/putih",Rp 170.000,1141 orang telah membeli produk ini
83,ADDE,"Kursi, merah/putih",Rp 170.000,424 orang telah membeli produk ini
84,ÄPPLARÖ,"Mj+2kursi dg sndrn lngn+bangku, cokelat/hållö krem",Rp 225.000,No Data
85,ÄPPLARÖ,"Meja+2 kursi lipat, luar rg, diwarnai cokelat/hållö krem",Rp 225.000,No Data
86,ÄPPLARÖ,"Meja+4 kursi lipat, luar ruang, diwarnai cokelat/hållö krem",Rp 225.000,1 orang telah membeli produk ini
87,ÄPPLARÖ,"Meja+6 kursi dg sndrn lgn, luar rg, diwarnai cokelat/järpön/duvholmen antrasit",Rp 225.000,No Data
88,ÄPPLARÖ,"Kursi recliner, luar ruang, dapat dilipat diwarnai cokelat",Rp 225.000,79 orang telah membeli produk ini
89,ÄPPLARÖ,"Mj+2 krs dg sndran tgn+bngku, l.rg, diwarnai cokelat/järpön/duvholmen antrasit",Rp 225.000,No Data
90,ÄPPLARÖ,"Meja+6 kursi berlengan+bangku, l.rg, diwarnai cokelat",Rp 225.000,2 orang telah membeli produk ini
91,ÄPPLARÖ,"Meja+8 kursi recliner, l.ruang, diwarnai cokelat/frösön/duvholmen krem",Rp 225.000,No Data
92,ÄPPLARÖ,"Meja+4 kursi dg sndrn tgn, l rg, diwarnai cokelat/frösön/duvholmen krem",Rp 225.000,No Data
93,ÄPPLARÖ,"Meja+6 kursi recliner, l.ruang, diwarnai cokelat/frösön/duvholmen krem",Rp 225.000,No Data
94,ÄPPLARÖ,"Mj+2kursi dg sndrn lngn+bangku, luar ruang diwarnai cokelat",Rp 225.000,5 orang telah membeli produk ini
95,ÄPPLARÖ,"Meja+4 kursi recliner, l.ruang, diwarnai cokelat",Rp 225.000,1 orang telah membeli produk ini
96,ÄPPLARÖ,"Meja+4 kursi dg sndrn tgn, l rg, diwarnai cokelat",Rp 225.000,4 orang telah membeli produk ini
97,ÄPPLARÖ,"Meja+6 kursi berlengan+bangku, l.rg, diwarnai cokelat/kuddarna biru muda",Rp 225.000,No Data
98,ÄPPLARÖ,"Meja+4 kursi recliner, l.ruang, diwarnai cokelat/frösön/duvholmen krem",Rp 225.000,2 orang telah membeli produk ini
99,ÄPPLARÖ,"Meja+2 kursi lipat, luar rg, diwarnai cokelat/kuddarna krem",Rp 225.000,11 orang telah membeli produk ini
100,ÄPPLARÖ,"Meja+4 kursi dg sndrn tgn, l rg, diwarnai cokelat/kuddarna krem",Rp 225.000,2 orang telah membeli produk ini
101,ÄPPLARÖ,"Meja+2 kursi lipat, luar rg, diwarnai cokelat",Rp 225.000,32 orang telah membeli produk ini
102,ÄPPLARÖ,"Meja+8 kursi recliner, l.ruang, diwarnai cokelat/kuddarna abu-abu",Rp 225.000,1 orang telah membeli produk ini
103,ÄPPLARÖ,"Meja+6 kursi berlengan+bangku, l.rg, diwarnai cokelat/frösön/duvholmen krem",Rp 225.000,No Data
104,ÄPPLARÖ,"Meja+6 kursi dg sndrn lgn, luar rg, diwarnai cokelat",Rp 225.000,2 orang telah membeli produk ini
105,ÄPPLARÖ,"Meja+8 kursi recliner, l.ruang, diwarnai cokelat/kuddarna krem",Rp 225.000,No Data
106,ÄPPLARÖ,"Meja+4 kursi lipat, luar ruang, diwarnai cokelat/kuddarna abu-abu",Rp 225.000,2 orang telah membeli produk ini
107,ÄPPLARÖ,"Bangku, luar ruang, diwarnai cokelat, 114 cm",Rp 225.000,123 orang telah membeli produk ini
108,ÄPPLARÖ,"Meja+4 kursi recliner, l.ruang, diwarnai cokelat/kuddarna biru muda",Rp 225.000,No Data
109,ÄPPLARÖ,"Meja+4 kursi dg sndrn tgn, l rg, diwarnai cokelat/järpön/duvholmen antrasit",Rp 225.000,No Data
110,ÄPPLARÖ,"Meja+6 kursi dg sndrn lgn, luar rg, diwarnai cokelat/frösön/duvholmen krem",Rp 225.000,No Data
111,ÄPPLARÖ,"Meja+8 kursi recliner, l.ruang, diwarnai cokelat/kuddarna krem",Rp 225.000,1 orang telah membeli produk ini
112,ÄPPLARÖ,"Mj+2 krs dg sndran tgn+bngku, l.rg, diwarnai cokelat",Rp 225.000,2 orang telah membeli produk ini
113,ÄPPLARÖ,"Meja+4 kursi lipat, luar ruang, diwarnai cokelat/kuddarna krem",Rp 225.000,5 orang telah membeli produk ini
114,ÄPPLARÖ,"Meja+6 kursi berlengan+bangku, l.rg, diwarnai cokelat/järpön/duvholmen antrasit",Rp 225.000,No Data
115,ÄPPLARÖ,"Meja+4 kursi recliner, l.ruang, diwarnai cokelat/kuddarna abu-abu",Rp 225.000,1 orang telah membeli produk ini
116,ÄPPLARÖ,"Meja+6 kursi dg sndrn lgn, luar rg, diwarnai cokelat/kuddarna krem",Rp 225.000,No Data
117,ÄPPLARÖ,"Bangku dengan sandaran, luar ruang, diwarnai cokelat",Rp 225.000,64 orang telah membeli produk ini
118,ÄPPLARÖ,"Bangku, luar ruang, dapat dilipat diwarnai cokelat",Rp 225.000,138 orang telah membeli produk ini
119,ÄPPLARÖ,"Meja+4 kursi dg sndrn tgn, l rg, diwarnai cokelat/kuddarna abu-abu",Rp 225.000,1 orang telah membeli produk ini
120,ADDE,"Kursi, putih",Rp 170.000,3460 orang telah membeli produk ini
121,ADDE,"Kursi, hitam",Rp 170.000,2259 orang telah membeli produk ini
122,ADDE,"Kursi, abu-abu/putih",Rp 170.000,1141 orang telah membeli produk ini
123,ADDE,"Kursi, merah/putih",Rp 170.000,424 orang telah membeli produk ini
124,ÄPPLARÖ,"Mj+2kursi dg sndrn lngn+bangku, cokelat/hållö krem",Rp 225.000,No Data
125,ÄPPLARÖ,"Meja+2 kursi lipat, luar rg, diwarnai cokelat/hållö krem",Rp 225.000,No Data
126,ÄPPLARÖ,"Meja+4 kursi lipat, luar ruang, diwarnai cokelat/hållö krem",Rp 225.000,1 orang telah membeli produk ini
127,ÄPPLARÖ,"Meja+6 kursi dg sndrn lgn, luar rg, diwarnai cokelat/järpön/duvholmen antrasit",Rp 225.000,No Data
128,ÄPPLARÖ,"Kursi recliner, luar ruang, dapat dilipat diwarnai cokelat",Rp 225.000,79 orang telah membeli produk ini
129,ÄPPLARÖ,"Mj+2 krs dg sndran tgn+bngku, l.rg, diwarnai cokelat/järpön/duvholmen antrasit",Rp 225.000,No Data
130,ÄPPLARÖ,"Meja+6 kursi berlengan+bangku, l.rg, diwarnai cokelat",Rp 225.000,2 orang telah membeli produk ini
131,ÄPPLARÖ,"Meja+8 kursi recliner, l.ruang, diwarnai cokelat/frösön/duvholmen krem",Rp 225.000,No Data
132,ÄPPLARÖ,"Meja+4 kursi dg sndrn tgn, l rg, diwarnai cokelat/frösön/duvholmen krem",Rp 225.000,No Data
133,ÄPPLARÖ,"Meja+6 kursi recliner, l.ruang, diwarnai cokelat/frösön/duvholmen krem",Rp 225.000,No Data
134,ÄPPLARÖ,"Mj+2kursi dg sndrn lngn+bangku, luar ruang diwarnai cokelat",Rp 225.000,5 orang telah membeli produk ini
135,ÄPPLARÖ,"Meja+4 kursi recliner, l.ruang, diwarnai cokelat",Rp 225.000,1 orang telah membeli produk ini
136,ÄPPLARÖ,"Meja+4 kursi dg sndrn tgn, l rg, diwarnai cokelat",Rp 225.000,4 orang telah membeli produk ini
137,ÄPPLARÖ,"Meja+6 kursi berlengan+bangku, l.rg, diwarnai cokelat/kuddarna biru muda",Rp 225.000,No Data
138,ÄPPLARÖ,"Meja+4 kursi recliner, l.ruang, diwarnai cokelat/frösön/duvholmen krem",Rp 225.000,2 orang telah membeli produk ini
139,ÄPPLARÖ,"Meja+2 kursi lipat, luar rg, diwarnai cokelat/kuddarna krem",Rp 225.000,11 orang telah membeli produk ini
140,ÄPPLARÖ,"Meja+4 kursi dg sndrn tgn, l rg, diwarnai cokelat/kuddarna krem",Rp 225.000,2 orang telah membeli produk ini
141,ÄPPLARÖ,"Meja+2 kursi lipat, luar rg, diwarnai cokelat",Rp 225.000,32 orang telah membeli produk ini
142,ÄPPLARÖ,"Meja+8 kursi recliner, l.ruang, diwarnai cokelat/kuddarna abu-abu",Rp 225.000,1 orang telah membeli produk ini
143,ÄPPLARÖ,"Meja+6 kursi berlengan+bangku, l.rg, diwarnai cokelat/frösön/duvholmen krem",Rp 225.000,No Data
144,ÄPPLARÖ,"Meja+6 kursi dg sndrn lgn, luar rg, diwarnai cokelat",Rp 225.000,2 orang telah membeli produk ini
145,ÄPPLARÖ,"Meja+8 kursi recliner, l.ruang, diwarnai cokelat/kuddarna krem",Rp 225.000,No Data
146,ÄPPLARÖ,"Meja+4 kursi lipat, luar ruang, diwarnai cokelat/kuddarna abu-abu",Rp 225.000,2 orang telah membeli produk ini
147,ÄPPLARÖ,"Bangku, luar ruang, diwarnai cokelat, 114 cm",Rp 225.000,123 orang telah membeli produk ini
148,ÄPPLARÖ,"Meja+4 kursi recliner, l.ruang, diwarnai cokelat/kuddarna biru muda",Rp 225.000,No Data
149,ÄPPLARÖ,"Meja+4 kursi dg sndrn tgn, l rg, diwarnai cokelat/järpön/duvholmen antrasit",Rp 225.000,No Data
150,ÄPPLARÖ,"Meja+6 kursi dg sndrn lgn, luar rg, diwarnai cokelat/frösön/duvholmen krem",Rp 225.000,No Data
151,ÄPPLARÖ,"Meja+8 kursi recliner, l.ruang, diwarnai cokelat/kuddarna krem",Rp 225.000,1 orang telah membeli produk ini
152,ÄPPLARÖ,"Mj+2 krs dg sndran tgn+bngku, l.rg, diwarnai cokelat",Rp 225.000,2 orang telah membeli produk ini
153,ÄPPLARÖ,"Meja+4 kursi lipat, luar ruang, diwarnai cokelat/kuddarna krem",Rp 225.000,5 orang telah membeli produk ini
154,ÄPPLARÖ,"Meja+6 kursi berlengan+bangku, l.rg, diwarnai cokelat/järpön/duvholmen antrasit",Rp 225.000,No Data
155,ÄPPLARÖ,"Meja+4 kursi recliner, l.ruang, diwarnai cokelat/kuddarna abu-abu",Rp 225.000,1 orang telah membeli produk ini
156,ÄPPLARÖ,"Meja+6 kursi dg sndrn lgn, luar rg, diwarnai cokelat/kuddarna krem",Rp 225.000,No Data
157,ÄPPLARÖ,"Bangku dengan sandaran, luar ruang, diwarnai cokelat",Rp 225.000,64 orang telah membeli produk ini
158,ÄPPLARÖ,"Bangku, luar ruang, dapat dilipat diwarnai cokelat",Rp 225.000,138 orang telah membeli produk ini
159,ÄPPLARÖ,"Meja+4 kursi dg sndrn tgn, l rg, diwarnai cokelat/kuddarna abu-abu",Rp 225.000,1 orang telah membeli produk ini
160,ADDE,"Kursi, putih",Rp 170.000,3460 orang telah membeli produk ini
161,ADDE,"Kursi, hitam",Rp 170.000,2259 orang telah membeli produk ini
162,ADDE,"Kursi, abu-abu/putih",Rp 170.000,1141 orang telah membeli produk ini
163,ADDE,"Kursi, merah/putih",Rp 170.000,424 orang telah membeli produk ini
164,ÄPPLARÖ,"Mj+2kursi dg sndrn lngn+bangku, cokelat/hållö krem",Rp 225.000,No Data
165,ÄPPLARÖ,"Meja+2 kursi lipat, luar rg, diwarnai cokelat/hållö krem",Rp 225.000,No Data
166,ÄPPLARÖ,"Meja+4 kursi lipat, luar ruang, diwarnai cokelat/hållö krem",Rp 225.000,1 orang telah membeli produk ini
167,ÄPPLARÖ,"Meja+6 kursi dg sndrn lgn, luar rg, diwarnai cokelat/järpön/duvholmen antrasit",Rp 225.000,No Data
168,ÄPPLARÖ,"Kursi recliner, luar ruang, dapat dilipat diwarnai cokelat",Rp 225.000,79 orang telah membeli produk ini
169,ÄPPLARÖ,"Mj+2 krs dg sndran tgn+bngku, l.rg, diwarnai cokelat/järpön/duvholmen antrasit",Rp 225.000,No Data
170,ÄPPLARÖ,"Meja+6 kursi berlengan+bangku, l.rg, diwarnai cokelat",Rp 225.000,2 orang telah membeli produk ini
171,ÄPPLARÖ,"Meja+8 kursi recliner, l.ruang, diwarnai cokelat/frösön/duvholmen krem",Rp 225.000,No Data
172,ÄPPLARÖ,"Meja+4 kursi dg sndrn tgn, l rg, diwarnai cokelat/frösön/duvholmen krem",Rp 225.000,No Data
173,ÄPPLARÖ,"Meja+6 kursi recliner, l.ruang, diwarnai cokelat/frösön/duvholmen krem",Rp 225.000,No Data
174,ÄPPLARÖ,"Mj+2kursi dg sndrn lngn+bangku, luar ruang diwarnai cokelat",Rp 225.000,5 orang telah membeli produk ini
175,ÄPPLARÖ,"Meja+4 kursi recliner, l.ruang, diwarnai cokelat",Rp 225.000,1 orang telah membeli produk ini
176,ÄPPLARÖ,"Meja+4 kursi dg sndrn tgn, l rg, diwarnai cokelat",Rp 225.000,4 orang telah membeli produk ini
177,ÄPPLARÖ,"Meja+6 kursi berlengan+bangku, l.rg, diwarnai cokelat/kuddarna biru muda",Rp 225.000,No Data
178,ÄPPLARÖ,"Meja+4 kursi recliner, l.ruang, diwarnai cokelat/frösön/duvholmen krem",Rp 225.000,2 orang telah membeli produk ini
179,ÄPPLARÖ,"Meja+2 kursi lipat, luar rg, diwarnai cokelat/kuddarna krem",Rp 225.000,11 orang telah membeli produk ini
180,ÄPPLARÖ,"Meja+4 kursi dg sndrn tgn, l rg, diwarnai cokelat/kuddarna krem",Rp 225.000,2 orang telah membeli produk ini
181,ÄPPLARÖ,"Meja+2 kursi lipat, luar rg, diwarnai cokelat",Rp 225.000,32 orang telah membeli produk ini
182,ÄPPLARÖ,"Meja+8 kursi recliner, l.ruang, diwarnai cokelat/kuddarna abu-abu",Rp 225.000,1 orang telah membeli produk ini
183,ÄPPLARÖ,"Meja+6 kursi berlengan+bangku, l.rg, diwarnai cokelat/frösön/duvholmen krem",Rp 225.000,No Data
184,ÄPPLARÖ,"Meja+6 kursi dg sndrn lgn, luar rg, diwarnai cokelat",Rp 225.000,2 orang telah membeli produk ini
185,ÄPPLARÖ,"Meja+8 kursi recliner, l.ruang, diwarnai cokelat/kuddarna krem",Rp 225.000,No Data
186,ÄPPLARÖ,"Meja+4 kursi lipat, luar ruang, diwarnai cokelat/kuddarna abu-abu",Rp 225.000,2 orang telah membeli produk ini
187,ÄPPLARÖ,"Bangku, luar ruang, diwarnai cokelat, 114 cm",Rp 225.000,123 orang telah membeli produk ini
188,ÄPPLARÖ,"Meja+4 kursi recliner, l.ruang, diwarnai cokelat/kuddarna biru muda",Rp 225.000,No Data
189,ÄPPLARÖ,"Meja+4 kursi dg sndrn tgn, l rg, diwarnai cokelat/järpön/duvholmen antrasit",Rp 225.000,No Data
190,ÄPPLARÖ,"Meja+6 kursi dg sndrn lgn, luar rg, diwarnai cokelat/frösön/duvholmen krem",Rp 225.000,No Data
191,ÄPPLARÖ,"Meja+8 kursi recliner, l.ruang, diwarnai cokelat/kuddarna krem",Rp 225.000,1 orang telah membeli produk ini
192,ÄPPLARÖ,"Mj+2 krs dg sndran tgn+bngku, l.rg, diwarnai cokelat",Rp 225.000,2 orang telah membeli produk ini
193,ÄPPLARÖ,"Meja+4 kursi lipat, luar ruang, diwarnai cokelat/kuddarna krem",Rp 225.000,5 orang telah membeli produk ini
194,ÄPPLARÖ,"Meja+6 kursi berlengan+bangku, l.rg, diwarnai cokelat/järpön/duvholmen antrasit",Rp 225.000,No Data
195,ÄPPLARÖ,"Meja+4 kursi recliner, l.ruang, diwarnai cokelat/kuddarna abu-abu",Rp 225.000,1 orang telah membeli produk ini
196,ÄPPLARÖ,"Meja+6 kursi dg sndrn lgn, luar rg, diwarnai cokelat/kuddarna krem",Rp 225.000,No Data
197,ÄPPLARÖ,"Bangku dengan sandaran, luar ruang, diwarnai cokelat",Rp 225.000,64 orang telah membeli produk ini
198,ÄPPLARÖ,"Bangku, luar ruang, dapat dilipat diwarnai cokelat",Rp 225.000,138 orang telah membeli produk ini
199,ÄPPLARÖ,"Meja+4 kursi dg sndrn tgn, l rg, diwarnai cokelat/kuddarna abu-abu",Rp 225.000,1 orang telah membeli produk ini
200,ADDE,"Kursi, putih",Rp 170.000,3460 orang telah membeli produk ini
201,ADDE,"Kursi, hitam",Rp 170.000,2259 orang telah membeli produk ini
202,ADDE,"Kursi, abu-abu/putih",Rp 170.000,1141 orang telah membeli produk ini
203,ADDE,"Kursi, merah/putih",Rp 170.000,424 orang telah membeli produk ini
204,ÄPPLARÖ,"Mj+2kursi dg sndrn lngn+bangku, cokelat/hållö krem",Rp 225.000,No Data
205,ÄPPLARÖ,"Meja+2 kursi lipat, luar rg, diwarnai cokelat/hållö krem",Rp 225.000,No Data
206,ÄPPLARÖ,"Meja+4 kursi lipat, luar ruang, diwarnai cokelat/hållö krem",Rp 225.000,1 orang telah membeli produk ini
207,ÄPPLARÖ,"Meja+6 kursi dg sndrn lgn, luar rg, diwarnai cokelat/järpön/duvholmen antrasit",Rp 225.000,No Data
208,ÄPPLARÖ,"Kursi recliner, luar ruang, dapat dilipat diwarnai cokelat",Rp 225.000,79 orang telah membeli produk ini
209,ÄPPLARÖ,"Mj+2 krs dg sndran tgn+bngku, l.rg, diwarnai cokelat/järpön/duvholmen antrasit",Rp 225.000,No Data
210,ÄPPLARÖ,"Meja+6 kursi berlengan+bangku, l.rg, diwarnai cokelat",Rp 225.000,2 orang telah membeli produk ini
211,ÄPPLARÖ,"Meja+8 kursi recliner, l.ruang, diwarnai cokelat/frösön/duvholmen krem",Rp 225.000,No Data
212,ÄPPLARÖ,"Meja+4 kursi dg sndrn tgn, l rg, diwarnai cokelat/frösön/duvholmen krem",Rp 225.000,No Data
213,ÄPPLARÖ,"Meja+6 kursi recliner, l.ruang, diwarnai cokelat/frösön/duvholmen krem",Rp 225.000,No Data
214,ÄPPLARÖ,"Mj+2kursi dg sndrn lngn+bangku, luar ruang diwarnai cokelat",Rp 225.000,5 orang telah membeli produk ini
215,ÄPPLARÖ,"Meja+4 kursi recliner, l.ruang, diwarnai cokelat",Rp 225.000,1 orang telah membeli produk ini
216,ÄPPLARÖ,"Meja+4 kursi dg sndrn tgn, l rg, diwarnai cokelat",Rp 225.000,4 orang telah membeli produk ini
217,ÄPPLARÖ,"Meja+6 kursi berlengan+bangku, l.rg, diwarnai cokelat/kuddarna biru muda",Rp 225.000,No Data
218,ÄPPLARÖ,"Meja+4 kursi recliner, l.ruang, diwarnai cokelat/frösön/duvholmen krem",Rp 225.000,2 orang telah membeli produk ini
219,ÄPPLARÖ,"Meja+2 kursi lipat, luar rg, diwarnai cokelat/kuddarna krem",Rp 225.000,11 orang telah membeli produk ini
220,ÄPPLARÖ,"Meja+4 kursi dg sndrn tgn, l rg, diwarnai cokelat/kuddarna krem",Rp 225.000,2 orang telah membeli produk ini
221,ÄPPLARÖ,"Meja+2 kursi lipat, luar rg, diwarnai cokelat",Rp 225.000,32 orang telah membeli produk ini
222,ÄPPLARÖ,"Meja+8 kursi recliner, l.ruang, diwarnai cokelat/kuddarna abu-abu",Rp 225.000,1 orang telah membeli produk ini
223,ÄPPLARÖ,"Meja+6 kursi berlengan+bangku, l.rg, diwarnai cokelat/frösön/duvholmen krem",Rp 225.000,No Data
224,ÄPPLARÖ,"Meja+6 kursi dg sndrn lgn, luar rg, diwarnai cokelat",Rp 225.000,2 orang telah membeli produk ini
225,ÄPPLARÖ,"Meja+8 kursi recliner, l.ruang, diwarnai cokelat/kuddarna krem",Rp 225.000,No Data
226,ÄPPLARÖ,"Meja+4 kursi lipat, luar ruang, diwarnai cokelat/kuddarna abu-abu",Rp 225.000,2 orang telah membeli produk ini
227,ÄPPLARÖ,"Bangku, luar ruang, diwarnai cokelat, 114 cm",Rp 225.000,123 orang telah membeli produk ini
228,ÄPPLARÖ,"Meja+4 kursi recliner, l.ruang, diwarnai cokelat/kuddarna biru muda",Rp 225.000,No Data
229,ÄPPLARÖ,"Meja+4 kursi dg sndrn tgn, l rg, diwarnai cokelat/järpön/duvholmen antrasit",Rp 225.000,No Data
230,ÄPPLARÖ,"Meja+6 kursi dg sndrn lgn, luar rg, diwarnai cokelat/frösön/duvholmen krem",Rp 225.000,No Data
231,ÄPPLARÖ,"Meja+8 kursi recliner, l.ruang, diwarnai cokelat/kuddarna krem",Rp 225.000,1 orang telah membeli produk ini
232,ÄPPLARÖ,"Mj+2 krs dg sndran tgn+bngku, l.rg, diwarnai cokelat",Rp 225.000,2 orang telah membeli produk ini
233,ÄPPLARÖ,"Meja+4 kursi lipat, luar ruang, diwarnai cokelat/kuddarna krem",Rp 225.000,5 orang telah membeli produk ini
234,ÄPPLARÖ,"Meja+6 kursi berlengan+bangku, l.rg, diwarnai cokelat/järpön/duvholmen antrasit",Rp 225.000,No Data
235,ÄPPLARÖ,"Meja+4 kursi recliner, l.ruang, diwarnai cokelat/kuddarna abu-abu",Rp 225.000,1 orang telah membeli produk ini
236,ÄPPLARÖ,"Meja+6 kursi dg sndrn lgn, luar rg, diwarnai cokelat/kuddarna krem",Rp 225.000,No Data
237,ÄPPLARÖ,"Bangku dengan sandaran, luar ruang, diwarnai cokelat",Rp 225.000,64 orang telah membeli produk ini
238,ÄPPLARÖ,"Bangku, luar ruang, dapat dilipat diwarnai cokelat",Rp 225.000,138 orang telah membeli produk ini
239,ÄPPLARÖ,"Meja+4 kursi dg sndrn tgn, l rg, diwarnai cokelat/kuddarna abu-abu",Rp 225.000,1 orang telah membeli produk ini
240,ADDE,"Kursi, putih",Rp 170.000,3460 orang telah membeli produk ini
241,ADDE,"Kursi, hitam",Rp 170.000,2259 orang telah membeli produk ini
242,ADDE,"Kursi, abu-abu/putih",Rp 170.000,1141 orang telah membeli produk ini
243,ADDE,"Kursi, merah/putih",Rp 170.000,424 orang telah membeli produk ini
244,ÄPPLARÖ,"Mj+2kursi dg sndrn lngn+bangku, cokelat/hållö krem",Rp 225.000,No Data
245,ÄPPLARÖ,"Meja+2 kursi lipat, luar rg, diwarnai cokelat/hållö krem",Rp 225.000,No Data
246,ÄPPLARÖ,"Meja+4 kursi lipat, luar ruang, diwarnai cokelat/hållö krem",Rp 225.000,1 orang telah membeli produk ini
247,ÄPPLARÖ,"Meja+6 kursi dg sndrn lgn, luar rg, diwarnai cokelat/järpön/duvholmen antrasit",Rp 225.000,No Data
248,ÄPPLARÖ,"Kursi recliner, luar ruang, dapat dilipat diwarnai cokelat",Rp 225.000,79 orang telah membeli produk ini
249,ÄPPLARÖ,"Mj+2 krs dg sndran tgn+bngku, l.rg, diwarnai cokelat/järpön/duvholmen antrasit",Rp 225.000,No Data
250,ÄPPLARÖ,"Meja+6 kursi berlengan+bangku, l.rg, diwarnai cokelat",Rp 225.000,2 orang telah membeli produk ini
251,ÄPPLARÖ,"Meja+8 kursi recliner, l.ruang, diwarnai cokelat/frösön/duvholmen krem",Rp 225.000,No Data
252,ÄPPLARÖ,"Meja+4 kursi dg sndrn tgn, l rg, diwarnai cokelat/frösön/duvholmen krem",Rp 225.000,No Data
253,ÄPPLARÖ,"Meja+6 kursi recliner, l.ruang, diwarnai cokelat/frösön/duvholmen krem",Rp 225.000,No Data
254,ÄPPLARÖ,"Mj+2kursi dg sndrn lngn+bangku, luar ruang diwarnai cokelat",Rp 225.000,5 orang telah membeli produk ini
255,ÄPPLARÖ,"Meja+4 kursi recliner, l.ruang, diwarnai cokelat",Rp 225.000,1 orang telah membeli produk ini
256,ÄPPLARÖ,"Meja+4 kursi dg sndrn tgn, l rg, diwarnai cokelat",Rp 225.000,4 orang telah membeli produk ini
257,ÄPPLARÖ,"Meja+6 kursi berlengan+bangku, l.rg, diwarnai cokelat/kuddarna biru muda",Rp 225.000,No Data
258,ÄPPLARÖ,"Meja+4 kursi recliner, l.ruang, diwarnai cokelat/frösön/duvholmen krem",Rp 225.000,2 orang telah membeli produk ini
259,ÄPPLARÖ,"Meja+2 kursi lipat, luar rg, diwarnai cokelat/kuddarna krem",Rp 225.000,11 orang telah membeli produk ini
260,ÄPPLARÖ,"Meja+4 kursi dg sndrn tgn, l rg, diwarnai cokelat/kuddarna krem",Rp 225.000,2 orang telah membeli produk ini
261,ÄPPLARÖ,"Meja+2 kursi lipat, luar rg, diwarnai cokelat",Rp 225.000,32 orang telah membeli produk ini
262,ÄPPLARÖ,"Meja+8 kursi recliner, l.ruang, diwarnai cokelat/kuddarna abu-abu",Rp 225.000,1 orang telah membeli produk ini
263,ÄPPLARÖ,"Meja+6 kursi berlengan+bangku, l.rg, diwarnai cokelat/frösön/duvholmen krem",Rp 225.000,No Data
264,ÄPPLARÖ,"Meja+6 kursi dg sndrn lgn, luar rg, diwarnai cokelat",Rp 225.000,2 orang telah membeli produk ini
265,ÄPPLARÖ,"Meja+8 kursi recliner, l.ruang, diwarnai cokelat/kuddarna krem",Rp 225.000,No Data
266,ÄPPLARÖ,"Meja+4 kursi lipat, luar ruang, diwarnai cokelat/kuddarna abu-abu",Rp 225.000,2 orang telah membeli produk ini
267,ÄPPLARÖ,"Bangku, luar ruang, diwarnai cokelat, 114 cm",Rp 225.000,123 orang telah membeli produk ini
268,ÄPPLARÖ,"Meja+4 kursi recliner, l.ruang, diwarnai cokelat/kuddarna biru muda",Rp 225.000,No Data
269,ÄPPLARÖ,"Meja+4 kursi dg sndrn tgn, l rg, diwarnai cokelat/järpön/duvholmen antrasit",Rp 225.000,No Data
270,ÄPPLARÖ,"Meja+6 kursi dg sndrn lgn, luar rg, diwarnai cokelat/frösön/duvholmen krem",Rp 225.000,No Data
271,ÄPPLARÖ,"Meja+8 kursi recliner, l.ruang, diwarnai cokelat/kuddarna krem",Rp 225.000,1 orang telah membeli produk ini
272,ÄPPLARÖ,"Mj+2 krs dg sndran tgn+bngku, l.rg, diwarnai cokelat",Rp 225.000,2 orang telah membeli produk ini
273,ÄPPLARÖ,"Meja+4 kursi lipat, luar ruang, diwarnai cokelat/kuddarna krem",Rp 225.000,5 orang telah membeli produk ini
274,ÄPPLARÖ,"Meja+6 kursi berlengan+bangku, l.rg, diwarnai cokelat/järpön/duvholmen antrasit",Rp 225.000,No Data
275,ÄPPLARÖ,"Meja+4 kursi recliner, l.ruang, diwarnai cokelat/kuddarna abu-abu",Rp 225.000,1 orang telah membeli produk ini
276,ÄPPLARÖ,"Meja+6 kursi dg sndrn lgn, luar rg, diwarnai cokelat/kuddarna krem",Rp 225.000,No Data
277,ÄPPLARÖ,"Bangku dengan sandaran, luar ruang, diwarnai cokelat",Rp 225.000,64 orang telah membeli produk ini
278,ÄPPLARÖ,"Bangku, luar ruang, dapat dilipat diwarnai cokelat",Rp 225.000,138 orang telah membeli produk ini
279,ÄPPLARÖ,"Meja+4 kursi dg sndrn tgn, l rg, diwarnai cokelat/kuddarna abu-abu",Rp 225.000,1 orang telah membeli produk ini
280,ADDE,"Kursi, putih",Rp 170.000,3460 orang telah membeli produk ini
281,ADDE,"Kursi, hitam",Rp 170.000,2259 orang telah membeli produk ini
282,ADDE,"Kursi, abu-abu/putih",Rp 170.000,1141 orang telah membeli produk ini
283,ADDE,"Kursi, merah/putih",Rp 170.000,424 orang telah membeli produk ini
284,ÄPPLARÖ,"Mj+2kursi dg sndrn lngn+bangku, cokelat/hållö krem",Rp 225.000,No Data
285,ÄPPLARÖ,"Meja+2 kursi lipat, luar rg, diwarnai cokelat/hållö krem",Rp 225.000,No Data
286,ÄPPLARÖ,"Meja+4 kursi lipat, luar ruang, diwarnai cokelat/hållö krem",Rp 225.000,1 orang telah membeli produk ini
287,ÄPPLARÖ,"Meja+6 kursi dg sndrn lgn, luar rg, diwarnai cokelat/järpön/duvholmen antrasit",Rp 225.000,No Data
288,ÄPPLARÖ,"Kursi recliner, luar ruang, dapat dilipat diwarnai cokelat",Rp 225.000,79 orang telah membeli produk ini
289,ÄPPLARÖ,"Mj+2 krs dg sndran tgn+bngku, l.rg, diwarnai cokelat/järpön/duvholmen antrasit",Rp 225.000,No Data
290,ÄPPLARÖ,"Meja+6 kursi berlengan+bangku, l.rg, diwarnai cokelat",Rp 225.000,2 orang telah membeli produk ini
291,ÄPPLARÖ,"Meja+8 kursi recliner, l.ruang, diwarnai cokelat/frösön/duvholmen krem",Rp 225.000,No Data
292,ÄPPLARÖ,"Meja+4 kursi dg sndrn tgn, l rg, diwarnai cokelat/frösön/duvholmen krem",Rp 225.000,No Data
293,ÄPPLARÖ,"Meja+6 kursi recliner, l.ruang, diwarnai cokelat/frösön/duvholmen krem",Rp 225.000,No Data
294,ÄPPLARÖ,"Mj+2kursi dg sndrn lngn+bangku, luar ruang diwarnai cokelat",Rp 225.000,5 orang telah membeli produk ini
295,ÄPPLARÖ,"Meja+4 kursi recliner, l.ruang, diwarnai cokelat",Rp 225.000,1 orang telah membeli produk ini
296,ÄPPLARÖ,"Meja+4 kursi dg sndrn tgn, l rg, diwarnai cokelat",Rp 225.000,4 orang telah membeli produk ini
297,ÄPPLARÖ,"Meja+6 kursi berlengan+bangku, l.rg, diwarnai cokelat/kuddarna biru muda",Rp 225.000,No Data
298,ÄPPLARÖ,"Meja+4 kursi recliner, l.ruang, diwarnai cokelat/frösön/duvholmen krem",Rp 225.000,2 orang telah membeli produk ini
299,ÄPPLARÖ,"Meja+2 kursi lipat, luar rg, diwarnai cokelat/kuddarna krem",Rp 225.000,11 orang telah membeli produk ini
300,ÄPPLARÖ,"Meja+4 kursi dg sndrn tgn, l rg, diwarnai cokelat/kuddarna krem",Rp 225.000,2 orang telah membeli produk ini
301,ÄPPLARÖ,"Meja+2 kursi lipat, luar rg, diwarnai cokelat",Rp 225.000,32 orang telah membeli produk ini
302,ÄPPLARÖ,"Meja+8 kursi recliner, l.ruang, diwarnai cokelat/kuddarna abu-abu",Rp 225.000,1 orang telah membeli produk ini
303,ÄPPLARÖ,"Meja+6 kursi berlengan+bangku, l.rg, diwarnai cokelat/frösön/duvholmen krem",Rp 225.000,No Data
304,ÄPPLARÖ,"Meja+6 kursi dg sndrn lgn, luar rg, diwarnai cokelat",Rp 225.000,2 orang telah membeli produk ini
305,ÄPPLARÖ,"Meja+8 kursi recliner, l.ruang, diwarnai cokelat/kuddarna krem",Rp 225.000,No Data
306,ÄPPLARÖ,"Meja+4 kursi lipat, luar ruang, diwarnai cokelat/kuddarna abu-abu",Rp 225.000,2 orang telah membeli produk ini
307,ÄPPLARÖ,"Bangku, luar ruang, diwarnai cokelat, 114 cm",Rp 225.000,123 orang telah membeli produk ini
308,ÄPPLARÖ,"Meja+4 kursi recliner, l.ruang, diwarnai cokelat/kuddarna biru muda",Rp 225.000,No Data
309,ÄPPLARÖ,"Meja+4 kursi dg sndrn tgn, l rg, diwarnai cokelat/järpön/duvholmen antrasit",Rp 225.000,No Data
310,ÄPPLARÖ,"Meja+6 kursi dg sndrn lgn, luar rg, diwarnai cokelat/frösön/duvholmen krem",Rp 225.000,No Data
311,ÄPPLARÖ,"Meja+8 kursi recliner, l.ruang, diwarnai cokelat/kuddarna krem",Rp 225.000,1 orang telah membeli produk ini
312,ÄPPLARÖ,"Mj+2 krs dg sndran tgn+bngku, l.rg, diwarnai cokelat",Rp 225.000,2 orang telah membeli produk ini
313,ÄPPLARÖ,"Meja+4 kursi lipat, luar ruang, diwarnai cokelat/kuddarna krem",Rp 225.000,5 orang telah membeli produk ini
314,ÄPPLARÖ,"Meja+6 kursi berlengan+bangku, l.rg, diwarnai cokelat/järpön/duvholmen antrasit",Rp 225.000,No Data
315,ÄPPLARÖ,"Meja+4 kursi recliner, l.ruang, diwarnai cokelat/kuddarna abu-abu",Rp 225.000,1 orang telah membeli produk ini
316,ÄPPLARÖ,"Meja+6 kursi dg sndrn lgn, luar rg, diwarnai cokelat/kuddarna krem",Rp 225.000,No Data
317,ÄPPLARÖ,"Bangku dengan sandaran, luar ruang, diwarnai cokelat",Rp 225.000,64 orang telah membeli produk ini
318,ÄPPLARÖ,"Bangku, luar ruang, dapat dilipat diwarnai cokelat",Rp 225.000,138 orang telah membeli produk ini
319,ÄPPLARÖ,"Meja+4 kursi dg sndrn tgn, l rg, diwarnai cokelat/kuddarna abu-abu",Rp 225.000,1 orang telah membeli produk ini
320,ADDE,"Kursi, putih",Rp 170.000,3460 orang telah membeli produk ini
321,ADDE,"Kursi, hitam",Rp 170.000,2259 orang telah membeli produk ini
322,ADDE,"Kursi, abu-abu/putih",Rp 170.000,1141 orang telah membeli produk ini
323,ADDE,"Kursi, merah/putih",Rp 170.000,424 orang telah membeli produk ini
324,ÄPPLARÖ,"Mj+2kursi dg sndrn lngn+bangku, cokelat/hållö krem",Rp 225.000,No Data
325,ÄPPLARÖ,"Meja+2 kursi lipat, luar rg, diwarnai cokelat/hållö krem",Rp 225.000,No Data
326,ÄPPLARÖ,"Meja+4 kursi lipat, luar ruang, diwarnai cokelat/hållö krem",Rp 225.000,1 orang telah membeli produk ini
327,ÄPPLARÖ,"Meja+6 kursi dg sndrn lgn, luar rg, diwarnai cokelat/järpön/duvholmen antrasit",Rp 225.000,No Data
328,ÄPPLARÖ,"Kursi recliner, luar ruang, dapat dilipat diwarnai cokelat",Rp 225.000,79 orang telah membeli produk ini
329,ÄPPLARÖ,"Mj+2 krs dg sndran tgn+bngku, l.rg, diwarnai cokelat/järpön/duvholmen antrasit",Rp 225.000,No Data
330,ÄPPLARÖ,"Meja+6 kursi berlengan+bangku, l.rg, diwarnai cokelat",Rp 225.000,2 orang telah membeli produk ini
331,ÄPPLARÖ,"Meja+8 kursi recliner, l.ruang, diwarnai cokelat/frösön/duvholmen krem",Rp 225.000,No Data
332,ÄPPLARÖ,"Meja+4 kursi dg sndrn tgn, l rg, diwarnai cokelat/frösön/duvholmen krem",Rp 225.000,No Data
333,ÄPPLARÖ,"Meja+6 kursi recliner, l.ruang, diwarnai cokelat/frösön/duvholmen krem",Rp 225.000,No Data
334,ÄPPLARÖ,"Mj+2kursi dg sndrn lngn+bangku, luar ruang diwarnai cokelat",Rp 225.000,5 orang telah membeli produk ini
335,ÄPPLARÖ,"Meja+4 kursi recliner, l.ruang, diwarnai cokelat",Rp 225.000,1 orang telah membeli produk ini
336,ÄPPLARÖ,"Meja+4 kursi dg sndrn tgn, l rg, diwarnai cokelat",Rp 225.000,4 orang telah membeli produk ini
337,ÄPPLARÖ,"Meja+6 kursi berlengan+bangku, l.rg, diwarnai cokelat/kuddarna biru muda",Rp 225.000,No Data
338,ÄPPLARÖ,"Meja+4 kursi recliner, l.ruang, diwarnai cokelat/frösön/duvholmen krem",Rp 225.000,2 orang telah membeli produk ini
339,ÄPPLARÖ,"Meja+2 kursi lipat, luar rg, diwarnai cokelat/kuddarna krem",Rp 225.000,11 orang telah membeli produk ini
340,ÄPPLARÖ,"Meja+4 kursi dg sndrn tgn, l rg, diwarnai cokelat/kuddarna krem",Rp 225.000,2 orang telah membeli produk ini
341,ÄPPLARÖ,"Meja+2 kursi lipat, luar rg, diwarnai cokelat",Rp 225.000,32 orang telah membeli produk ini
342,ÄPPLARÖ,"Meja+8 kursi recliner, l.ruang, diwarnai cokelat/kuddarna abu-abu",Rp 225.000,1 orang telah membeli produk ini
343,ÄPPLARÖ,"Meja+6 kursi berlengan+bangku, l.rg, diwarnai cokelat/frösön/duvholmen krem",Rp 225.000,No Data
344,ÄPPLARÖ,"Meja+6 kursi dg sndrn lgn, luar rg, diwarnai cokelat",Rp 225.000,2 orang telah membeli produk ini
345,ÄPPLARÖ,"Meja+8 kursi recliner, l.ruang, diwarnai cokelat/kuddarna krem",Rp 225.000,No Data
346,ÄPPLARÖ,"Meja+4 kursi lipat, luar ruang, diwarnai cokelat/kuddarna abu-abu",Rp 225.000,2 orang telah membeli produk ini
347,ÄPPLARÖ,"Bangku, luar ruang, diwarnai cokelat, 114 cm",Rp 225.000,123 orang telah membeli produk ini
348,ÄPPLARÖ,"Meja+4 kursi recliner, l.ruang, diwarnai cokelat/kuddarna biru muda",Rp 225.000,No Data
349,ÄPPLARÖ,"Meja+4 kursi dg sndrn tgn, l rg, diwarnai cokelat/järpön/duvholmen antrasit",Rp 225.000,No Data
350,ÄPPLARÖ,"Meja+6 kursi dg sndrn lgn, luar rg, diwarnai cokelat/frösön/duvholmen krem",Rp 225.000,No Data
351,ÄPPLARÖ,"Meja+8 kursi recliner, l.ruang, diwarnai cokelat/kuddarna krem",Rp 225.000,1 orang telah membeli produk ini
352,ÄPPLARÖ,"Mj+2 krs dg sndran tgn+bngku, l.rg, diwarnai cokelat",Rp 225.000,2 orang telah membeli produk ini
353,ÄPPLARÖ,"Meja+4 kursi lipat, luar ruang, diwarnai cokelat/kuddarna krem",Rp 225.000,5 orang telah membeli produk ini
354,ÄPPLARÖ,"Meja+6 kursi berlengan+bangku, l.rg, diwarnai cokelat/järpön/duvholmen antrasit",Rp 225.000,No Data
355,ÄPPLARÖ,"Meja+4 kursi recliner, l.ruang, diwarnai cokelat/kuddarna abu-abu",Rp 225.000,1 orang telah membeli produk ini
356,ÄPPLARÖ,"Meja+6 kursi dg sndrn lgn, luar rg, diwarnai cokelat/kuddarna krem",Rp 225.000,No Data
357,ÄPPLARÖ,"Bangku dengan sandaran, luar ruang, diwarnai cokelat",Rp 225.000,64 orang telah membeli produk ini
358,ÄPPLARÖ,"Bangku, luar ruang, dapat dilipat diwarnai cokelat",Rp 225.000,138 orang telah membeli produk ini
359,ÄPPLARÖ,"Meja+4 kursi dg sndrn tgn, l rg, diwarnai cokelat/kuddarna abu-abu",Rp 225.000,1 orang telah membeli produk ini
360,ADDE,"Kursi, putih",Rp 170.000,3460 orang telah membeli produk ini
361,ADDE,"Kursi, hitam",Rp 170.000,2259 orang telah membeli produk ini
362,ADDE,"Kursi, abu-abu/putih",Rp 170.000,1141 orang telah membeli produk ini
363,ADDE,"Kursi, merah/putih",Rp 170.000,424 orang telah membeli produk ini
364,ÄPPLARÖ,"Mj+2kursi dg sndrn lngn+bangku, cokelat/hållö krem",Rp 225.000,No Data
365,ÄPPLARÖ,"Meja+2 kursi lipat, luar rg, diwarnai cokelat/hållö krem",Rp 225.000,No Data
366,ÄPPLARÖ,"Meja+4 kursi lipat, luar ruang, diwarnai cokelat/hållö krem",Rp 225.000,1 orang telah membeli produk ini
367,ÄPPLARÖ,"Meja+6 kursi dg sndrn lgn, luar rg, diwarnai cokelat/järpön/duvholmen antrasit",Rp 225.000,No Data
368,ÄPPLARÖ,"Kursi recliner, luar ruang, dapat dilipat diwarnai cokelat",Rp 225.000,79 orang telah membeli produk ini
369,ÄPPLARÖ,"Mj+2 krs dg sndran tgn+bngku, l.rg, diwarnai cokelat/järpön/duvholmen antrasit",Rp 225.000,No Data
370,ÄPPLARÖ,"Meja+6 kursi berlengan+bangku, l.rg, diwarnai cokelat",Rp 225.000,2 orang telah membeli produk ini
371,ÄPPLARÖ,"Meja+8 kursi recliner, l.ruang, diwarnai cokelat/frösön/duvholmen krem",Rp 225.000,No Data
372,ÄPPLARÖ,"Meja+4 kursi dg sndrn tgn, l rg, diwarnai cokelat/frösön/duvholmen krem",Rp 225.000,No Data
373,ÄPPLARÖ,"Meja+6 kursi recliner, l.ruang, diwarnai cokelat/frösön/duvholmen krem",Rp 225.000,No Data
374,ÄPPLARÖ,"Mj+2kursi dg sndrn lngn+bangku, luar ruang diwarnai cokelat",Rp 225.000,5 orang telah membeli produk ini
375,ÄPPLARÖ,"Meja+4 kursi recliner, l.ruang, diwarnai cokelat",Rp 225.000,1 orang telah membeli produk ini
376,ÄPPLARÖ,"Meja+4 kursi dg sndrn tgn, l rg, diwarnai cokelat",Rp 225.000,4 orang telah membeli produk ini
377,ÄPPLARÖ,"Meja+6 kursi berlengan+bangku, l.rg, diwarnai cokelat/kuddarna biru muda",Rp 225.000,No Data
378,ÄPPLARÖ,"Meja+4 kursi recliner, l.ruang, diwarnai cokelat/frösön/duvholmen krem",Rp 225.000,2 orang telah membeli produk ini
379,ÄPPLARÖ,"Meja+2 kursi lipat, luar rg, diwarnai cokelat/kuddarna krem",Rp 225.000,11 orang telah membeli produk ini
380,ÄPPLARÖ,"Meja+4 kursi dg sndrn tgn, l rg, diwarnai cokelat/kuddarna krem",Rp 225.000,2 orang telah membeli produk ini
381,ÄPPLARÖ,"Meja+2 kursi lipat, luar rg, diwarnai cokelat",Rp 225.000,32 orang telah membeli produk ini
382,ÄPPLARÖ,"Meja+8 kursi recliner, l.ruang, diwarnai cokelat/kuddarna abu-abu",Rp 225.000,1 orang telah membeli produk ini
383,ÄPPLARÖ,"Meja+6 kursi berlengan+bangku, l.rg, diwarnai cokelat/frösön/duvholmen krem",Rp 225.000,No Data
384,ÄPPLARÖ,"Meja+6 kursi dg sndrn lgn, luar rg, diwarnai cokelat",Rp 225.000,2 orang telah membeli produk ini
385,ÄPPLARÖ,"Meja+8 kursi recliner, l.ruang, diwarnai cokelat/kuddarna krem",Rp 225.000,No Data
386,ÄPPLARÖ,"Meja+4 kursi lipat, luar ruang, diwarnai cokelat/kuddarna abu-abu",Rp 225.000,2 orang telah membeli produk ini
387,ÄPPLARÖ,"Bangku, luar ruang, diwarnai cokelat, 114 cm",Rp 225.000,123 orang telah membeli produk ini
388,ÄPPLARÖ,"Meja+4 kursi recliner, l.ruang, diwarnai cokelat/kuddarna biru muda",Rp 225.000,No Data
389,ÄPPLARÖ,"Meja+4 kursi dg sndrn tgn, l rg, diwarnai cokelat/järpön/duvholmen antrasit",Rp 225.000,No Data
390,ÄPPLARÖ,"Meja+6 kursi dg sndrn lgn, luar rg, diwarnai cokelat/frösön/duvholmen krem",Rp 225.000,No Data
391,ÄPPLARÖ,"Meja+8 kursi recliner, l.ruang, diwarnai cokelat/kuddarna krem",Rp 225.000,1 orang telah membeli produk ini
392,ÄPPLARÖ,"Mj+2 krs dg sndran tgn+bngku, l.rg, diwarnai cokelat",Rp 225.000,2 orang telah membeli produk ini
393,ÄPPLARÖ,"Meja+4 kursi lipat, luar ruang, diwarnai cokelat/kuddarna krem",Rp 225.000,5 orang telah membeli produk ini
394,ÄPPLARÖ,"Meja+6 kursi berlengan+bangku, l.rg, diwarnai cokelat/järpön/duvholmen antrasit",Rp 225.000,No Data
395,ÄPPLARÖ,"Meja+4 kursi recliner, l.ruang, diwarnai cokelat/kuddarna abu-abu",Rp 225.000,1 orang telah membeli produk ini
396,ÄPPLARÖ,"Meja+6 kursi dg sndrn lgn, luar rg, diwarnai cokelat/kuddarna krem",Rp 225.000,No Data
397,ÄPPLARÖ,"Bangku dengan sandaran, luar ruang, diwarnai cokelat",Rp 225.000,64 orang telah membeli produk ini
398,ÄPPLARÖ,"Bangku, luar ruang, dapat dilipat diwarnai cokelat",Rp 225.000,138 orang telah membeli produk ini
399,ÄPPLARÖ,"Meja+4 kursi dg sndrn tgn, l rg, diwarnai cokelat/kuddarna abu-abu",Rp 225.000,1 orang telah membeli produk ini
400,ADDE,"Kursi, putih",Rp 170.000,3460 orang telah membeli produk ini
401,ADDE,"Kursi, hitam",Rp 170.000,2259 orang telah membeli produk ini
402,ADDE,"Kursi, abu-abu/putih",Rp 170.000,1141 orang telah membeli produk ini
403,ADDE,"Kursi, merah/putih",Rp 170.000,424 orang telah membeli produk ini
404,ÄPPLARÖ,"Mj+2kursi dg sndrn lngn+bangku, cokelat/hållö krem",Rp 225.000,No Data
405,ÄPPLARÖ,"Meja+2 kursi lipat, luar rg, diwarnai cokelat/hållö krem",Rp 225.000,No Data
406,ÄPPLARÖ,"Meja+4 kursi lipat, luar ruang, diwarnai cokelat/hållö krem",Rp 225.000,1 orang telah membeli produk ini
407,ÄPPLARÖ,"Meja+6 kursi dg sndrn lgn, luar rg, diwarnai cokelat/järpön/duvholmen antrasit",Rp 225.000,No Data
408,ÄPPLARÖ,"Kursi recliner, luar ruang, dapat dilipat diwarnai cokelat",Rp 225.000,79 orang telah membeli produk ini
409,ÄPPLARÖ,"Mj+2 krs dg sndran tgn+bngku, l.rg, diwarnai cokelat/järpön/duvholmen antrasit",Rp 225.000,No Data
410,ÄPPLARÖ,"Meja+6 kursi berlengan+bangku, l.rg, diwarnai cokelat",Rp 225.000,2 orang telah membeli produk ini
411,ÄPPLARÖ,"Meja+8 kursi recliner, l.ruang, diwarnai cokelat/frösön/duvholmen krem",Rp 225.000,No Data
412,ÄPPLARÖ,"Meja+4 kursi dg sndrn tgn, l rg, diwarnai cokelat/frösön/duvholmen krem",Rp 225.000,No Data
413,ÄPPLARÖ,"Meja+6 kursi recliner, l.ruang, diwarnai cokelat/frösön/duvholmen krem",Rp 225.000,No Data
414,ÄPPLARÖ,"Mj+2kursi dg sndrn lngn+bangku, luar ruang diwarnai cokelat",Rp 225.000,5 orang telah membeli produk ini
415,ÄPPLARÖ,"Meja+4 kursi recliner, l.ruang, diwarnai cokelat",Rp 225.000,1 orang telah membeli produk ini
416,ÄPPLARÖ,"Meja+4 kursi dg sndrn tgn, l rg, diwarnai cokelat",Rp 225.000,4 orang telah membeli produk ini
417,ÄPPLARÖ,"Meja+6 kursi berlengan+bangku, l.rg, diwarnai cokelat/kuddarna biru muda",Rp 225.000,No Data
418,ÄPPLARÖ,"Meja+4 kursi recliner, l.ruang, diwarnai cokelat/frösön/duvholmen krem",Rp 225.000,2 orang telah membeli produk ini
419,ÄPPLARÖ,"Meja+2 kursi lipat, luar rg, diwarnai cokelat/kuddarna krem",Rp 225.000,11 orang telah membeli produk ini
420,ÄPPLARÖ,"Meja+4 kursi dg sndrn tgn, l rg, diwarnai cokelat/kuddarna krem",Rp 225.000,2 orang telah membeli produk ini
421,ÄPPLARÖ,"Meja+2 kursi lipat, luar rg, diwarnai cokelat",Rp 225.000,32 orang telah membeli produk ini
422,ÄPPLARÖ,"Meja+8 kursi recliner, l.ruang, diwarnai cokelat/kuddarna abu-abu",Rp 225.000,1 orang telah membeli produk ini
423,ÄPPLARÖ,"Meja+6 kursi berlengan+bangku, l.rg, diwarnai cokelat/frösön/duvholmen krem",Rp 225.000,No Data
424,ÄPPLARÖ,"Meja+6 kursi dg sndrn lgn, luar rg, diwarnai cokelat",Rp 225.000,2 orang telah membeli produk ini
425,ÄPPLARÖ,"Meja+8 kursi recliner, l.ruang, diwarnai cokelat/kuddarna krem",Rp 225.000,No Data
426,ÄPPLARÖ,"Meja+4 kursi lipat, luar ruang, diwarnai cokelat/kuddarna abu-abu",Rp 225.000,2 orang telah membeli produk ini
427,ÄPPLARÖ,"Bangku, luar ruang, diwarnai cokelat, 114 cm",Rp 225.000,123 orang telah membeli produk ini
428,ÄPPLARÖ,"Meja+4 kursi recliner, l.ruang, diwarnai cokelat/kuddarna biru muda",Rp 225.000,No Data
429,ÄPPLARÖ,"Meja+4 kursi dg sndrn tgn, l rg, diwarnai cokelat/järpön/duvholmen antrasit",Rp 225.000,No Data
430,ÄPPLARÖ,"Meja+6 kursi dg sndrn lgn, luar rg, diwarnai cokelat/frösön/duvholmen krem",Rp 225.000,No Data
431,ÄPPLARÖ,"Meja+8 kursi recliner, l.ruang, diwarnai cokelat/kuddarna krem",Rp 225.000,1 orang telah membeli produk ini
432,ÄPPLARÖ,"Mj+2 krs dg sndran tgn+bngku, l.rg, diwarnai cokelat",Rp 225.000,2 orang telah membeli produk ini
433,ÄPPLARÖ,"Meja+4 kursi lipat, luar ruang, diwarnai cokelat/kuddarna krem",Rp 225.000,5 orang telah membeli produk ini
434,ÄPPLARÖ,"Meja+6 kursi berlengan+bangku, l.rg, diwarnai cokelat/järpön/duvholmen antrasit",Rp 225.000,No Data
435,ÄPPLARÖ,"Meja+4 kursi recliner, l.ruang, diwarnai cokelat/kuddarna abu-abu",Rp 225.000,1 orang telah membeli produk ini
436,ÄPPLARÖ,"Meja+6 kursi dg sndrn lgn, luar rg, diwarnai cokelat/kuddarna krem",Rp 225.000,No Data
437,ÄPPLARÖ,"Bangku dengan sandaran, luar ruang, diwarnai cokelat",Rp 225.000,64 orang telah membeli produk ini
438,ÄPPLARÖ,"Bangku, luar ruang, dapat dilipat diwarnai cokelat",Rp 225.000,138 orang telah membeli produk ini
439,ÄPPLARÖ,"Meja+4 kursi dg sndrn tgn, l rg, diwarnai cokelat/kuddarna abu-abu",Rp 225.000,1 orang telah membeli produk ini
